model,reranking_strategy,beta_mode,beta_value,N,fold,avg_recall,avg_precision,avg_f1,avg_ndcg,avg_EI,prop_sust_recom_items,nbr_sust_items_list,prop_sust_users,sust_coverage,coverage,avg_spearman_coef,prop_sust_recom_durable,prop_sust_recom_nondurable,gap
content,none,none,none,5,1,0.0011,0.0006,0.0008,0.0009,13.0411,0.3466,1.7328,0.7672,0.5169,0.5197,0.0247,0.421,0.2848,0.1362
content,A,global_0.0,0.0,5,1,0.0011,0.0006,0.0008,0.0009,13.0411,0.3466,1.7328,0.7672,0.5169,0.5197,0.0247,0.421,0.2848,0.1362
content,A,global_0.2,0.2,5,1,0.0012,0.0007,0.0009,0.0011,8.9329,0.4846,2.423,0.8904,0.6034,0.5105,0.0443,0.5695,0.4142,0.1553
content,A,global_0.4,0.4,5,1,0.0013,0.0008,0.001,0.0012,4.8424,0.7011,3.5056,0.974,0.664,0.4474,0.0369,0.7749,0.6399,0.1351
content,A,global_0.6,0.6,5,1,0.0015,0.0009,0.0011,0.0013,1.5147,0.9463,4.7314,1.0,0.5883,0.2609,-0.0362,0.9629,0.9325,0.0305
content,A,global_0.8,0.8,5,1,0.0009,0.0006,0.0007,0.001,0.1607,1.0,5.0,1.0,0.153,0.0505,-0.0684,1.0,1.0,0.0
content,A,global_1.0,1.0,5,1,0.0013,0.0008,0.0009,0.001,0.0195,1.0,5.0,1.0,0.0024,0.0008,0.9747,1.0,1.0,0.0
content,A,behavioral,p,5,1,0.0011,0.0007,0.0008,0.001,7.0401,0.5994,2.9972,0.9158,0.6381,0.4939,0.0338,0.7921,0.4396,0.3526
content,A,semantic,p,5,1,0.0012,0.0008,0.0009,0.0011,1.9931,0.9034,4.5172,0.991,0.5931,0.3268,-0.0271,0.9279,0.8831,0.0448
content,A,hybrid_5,p,5,1,0.0012,0.0008,0.0009,0.0011,5.4397,0.683,3.4148,0.9526,0.654,0.4642,0.0334,0.8428,0.5504,0.2924
content,A,hybrid_10,p,5,1,0.0012,0.0008,0.0009,0.0011,4.5174,0.7377,3.6884,0.9668,0.66,0.4386,0.0335,0.8699,0.628,0.2418
content,A,hybrid_20,p,5,1,0.0015,0.0009,0.0011,0.0013,3.6169,0.7965,3.9824,0.9792,0.6544,0.4066,0.0192,0.8916,0.7176,0.174
content,B,global_0.0,0.0,5,1,0.0012,0.0007,0.0008,0.001,13.1608,0.3471,1.7356,0.7656,0.5157,0.5208,0.0173,0.4214,0.2855,0.136
content,B,global_0.2,0.2,5,1,0.0013,0.0007,0.0009,0.0011,10.4728,0.4244,2.122,0.8904,0.5751,0.5193,0.0634,0.4978,0.3635,0.1344
content,B,global_0.4,0.4,5,1,0.0013,0.0008,0.0009,0.0012,8.2531,0.5221,2.6106,0.974,0.6269,0.5083,0.1104,0.5854,0.4696,0.1158
content,B,global_0.6,0.6,5,1,0.0014,0.0008,0.001,0.0012,6.4713,0.64,3.1998,1.0,0.6572,0.4792,0.203,0.6853,0.6023,0.083
content,B,global_0.8,0.8,5,1,0.0014,0.0009,0.0011,0.0013,4.7261,0.7734,3.867,1.0,0.6022,0.4105,0.3011,0.7936,0.7567,0.0369
content,B,global_1.0,1.0,5,1,0.0011,0.0006,0.0008,0.0008,1.3958,0.8,4.0,1.0,0.002,0.0009,0.3589,0.8,0.8,0.0
content,B,behavioral,p,5,1,0.0012,0.0007,0.0009,0.0011,9.4723,0.4746,2.3732,0.9158,0.6042,0.5184,0.0966,0.5964,0.3737,0.2227
content,B,semantic,p,5,1,0.0012,0.0008,0.0009,0.0011,6.5297,0.6423,3.2116,0.991,0.6441,0.4799,0.205,0.683,0.6086,0.0745
content,B,hybrid_5,p,5,1,0.0011,0.0007,0.0008,0.0011,8.5415,0.5146,2.573,0.9526,0.6218,0.5097,0.1137,0.618,0.4288,0.1892
content,B,hybrid_10,p,5,1,0.0011,0.0007,0.0008,0.001,8.1143,0.54,2.7,0.9668,0.6309,0.5064,0.1279,0.6316,0.464,0.1676
content,B,hybrid_20,p,5,1,0.0011,0.0007,0.0008,0.0011,7.6074,0.5696,2.848,0.9792,0.6409,0.5014,0.1453,0.6474,0.5051,0.1423
knn,none,none,none,5,1,0.0152,0.0103,0.0119,0.0163,14.9386,0.2796,1.3982,0.8174,0.621,0.6205,-0.0772,0.2799,0.2794,0.0005
knn,A,global_0.0,0.0,5,1,0.0152,0.0103,0.0119,0.0163,14.9386,0.2796,1.3982,0.8174,0.621,0.6205,-0.0772,0.2799,0.2794,0.0005
knn,A,global_0.2,0.2,5,1,0.013,0.0088,0.0101,0.0135,7.3533,0.6071,3.0356,0.9788,0.7593,0.5,-0.0453,0.5988,0.6141,-0.0153
knn,A,global_0.4,0.4,5,1,0.0072,0.005,0.0057,0.0079,2.7665,0.8582,4.2908,0.9992,0.674,0.3532,0.1021,0.8547,0.861,-0.0063
knn,A,global_0.6,0.6,5,1,0.0029,0.0022,0.0024,0.0031,0.6205,0.9861,4.9304,1.0,0.434,0.1616,0.2043,0.9856,0.9865,-0.0008
knn,A,global_0.8,0.8,5,1,0.0017,0.0013,0.0014,0.0017,0.1021,1.0,5.0,1.0,0.1534,0.0507,-0.0314,1.0,1.0,0.0
knn,A,global_1.0,1.0,5,1,0.0013,0.0008,0.0009,0.001,0.0195,1.0,5.0,1.0,0.0024,0.0008,0.9747,1.0,1.0,0.0
knn,A,behavioral,p,5,1,0.0103,0.007,0.008,0.0109,4.9097,0.7446,3.7232,0.9868,0.725,0.4428,0.0403,0.8708,0.64,0.2309
knn,A,semantic,p,5,1,0.004,0.0029,0.0032,0.0039,1.0793,0.9564,4.782,0.9994,0.4882,0.2183,0.1444,0.9509,0.961,-0.0101
knn,A,hybrid_5,p,5,1,0.0077,0.0053,0.006,0.0083,3.1873,0.8368,4.1842,0.9972,0.6784,0.3725,0.0971,0.9138,0.773,0.1408
knn,A,hybrid_10,p,5,1,0.0067,0.0047,0.0053,0.0072,2.4073,0.8821,4.4104,0.9988,0.6369,0.328,0.1212,0.9278,0.8441,0.0837
knn,A,hybrid_20,p,5,1,0.006,0.0042,0.0047,0.006,1.8332,0.916,4.5802,0.9992,0.5919,0.2866,0.1516,0.9384,0.8975,0.0409
knn,B,global_0.0,0.0,5,1,0.017,0.0115,0.0133,0.0182,15.6006,0.2484,1.242,0.768,0.4444,0.462,-0.0793,0.25,0.2471,0.003
knn,B,global_0.2,0.2,5,1,0.015,0.0101,0.0117,0.0153,9.6863,0.5056,2.528,0.9788,0.7597,0.5313,-0.0619,0.5039,0.507,-0.0031
knn,B,global_0.4,0.4,5,1,0.0139,0.0093,0.0108,0.0134,7.6679,0.6021,3.0106,0.9992,0.7405,0.4895,0.0967,0.5981,0.6054,-0.0073
knn,B,global_0.6,0.6,5,1,0.012,0.0081,0.0094,0.0108,5.9233,0.7045,3.5226,1.0,0.6903,0.4288,0.2254,0.7001,0.7082,-0.008
knn,B,global_0.8,0.8,5,1,0.0106,0.0071,0.0083,0.0096,4.5522,0.7917,3.9586,1.0,0.5297,0.3275,0.2487,0.7918,0.7917,0.0001
knn,B,global_1.0,1.0,5,1,0.0011,0.0006,0.0008,0.0008,1.3958,0.8,4.0,1.0,0.002,0.0009,0.3589,0.8,0.8,0.0
knn,B,behavioral,p,5,1,0.0146,0.0098,0.0114,0.0145,8.6263,0.5586,2.7928,0.9866,0.7457,0.5093,0.0334,0.6141,0.5125,0.1016
knn,B,semantic,p,5,1,0.0123,0.0082,0.0096,0.0111,6.0709,0.6948,3.4738,0.9994,0.6776,0.4297,0.1964,0.6862,0.7019,-0.0157
knn,B,hybrid_5,p,5,1,0.0143,0.0096,0.0111,0.0137,7.7841,0.5977,2.9886,0.9972,0.7393,0.4922,0.0881,0.6323,0.569,0.0632
knn,B,hybrid_10,p,5,1,0.0137,0.0092,0.0107,0.013,7.3375,0.6203,3.1016,0.9988,0.735,0.4816,0.1141,0.6456,0.5993,0.0463
knn,B,hybrid_20,p,5,1,0.0133,0.009,0.0104,0.0123,6.94,0.6437,3.2184,0.9992,0.723,0.4668,0.1485,0.6588,0.6311,0.0277
itemknn,none,none,none,5,1,0.0088,0.006,0.0069,0.0087,13.4278,0.3406,1.7028,0.8784,0.7473,0.7462,0.0073,0.3361,0.3442,-0.0081
itemknn,A,global_0.0,0.0,5,1,0.0088,0.006,0.0069,0.0087,13.4278,0.3406,1.7028,0.8784,0.7473,0.7462,0.0073,0.3361,0.3442,-0.0081
itemknn,A,global_0.2,0.2,5,1,0.008,0.0054,0.0062,0.008,7.4793,0.5967,2.9834,0.9778,0.8553,0.6389,-0.0303,0.5983,0.5953,0.003
itemknn,A,global_0.4,0.4,5,1,0.0068,0.0045,0.0052,0.0064,3.221,0.8284,4.1418,0.998,0.7684,0.4482,0.0581,0.8345,0.8233,0.0112
itemknn,A,global_0.6,0.6,5,1,0.0043,0.0028,0.0033,0.0039,1.1685,0.9522,4.7612,1.0,0.6242,0.2696,0.2334,0.9549,0.95,0.0049
itemknn,A,global_0.8,0.8,5,1,0.0023,0.0014,0.0017,0.002,0.1934,1.0,5.0,1.0,0.3085,0.1018,0.0369,1.0,1.0,0.0
itemknn,A,global_1.0,1.0,5,1,0.0013,0.0008,0.0009,0.001,0.0195,1.0,5.0,1.0,0.0024,0.0008,0.9747,1.0,1.0,0.0
itemknn,A,behavioral,p,5,1,0.0066,0.0045,0.0052,0.0068,5.1891,0.7227,3.6136,0.9874,0.8139,0.5583,0.0193,0.8511,0.6162,0.2348
itemknn,A,semantic,p,5,1,0.0047,0.0029,0.0035,0.0043,1.588,0.924,4.62,0.9998,0.6481,0.3221,0.1619,0.923,0.9248,-0.0019
itemknn,A,hybrid_5,p,5,1,0.0064,0.0043,0.005,0.0064,3.6263,0.808,4.0398,0.9962,0.7784,0.4721,0.0595,0.8823,0.7463,0.136
itemknn,A,hybrid_10,p,5,1,0.0061,0.0041,0.0047,0.0059,2.9565,0.8476,4.2378,0.9986,0.7481,0.4259,0.0877,0.8961,0.8073,0.0888
itemknn,A,hybrid_20,p,5,1,0.0058,0.0038,0.0045,0.0056,2.3929,0.8793,4.3964,0.9998,0.7182,0.3908,0.1256,0.9072,0.8561,0.0511
itemknn,B,global_0.0,0.0,5,1,0.0098,0.0066,0.0076,0.0097,13.5442,0.3379,1.6896,0.8778,0.7238,0.723,0.006,0.3321,0.3428,-0.0107
itemknn,B,global_0.2,0.2,5,1,0.0083,0.0057,0.0065,0.0084,9.8436,0.4879,2.4394,0.9778,0.8454,0.7014,0.0275,0.4835,0.4915,-0.0079
itemknn,B,global_0.4,0.4,5,1,0.0081,0.0054,0.0063,0.0076,7.7996,0.5936,2.968,0.998,0.835,0.6472,0.1056,0.5981,0.5899,0.0082
itemknn,B,global_0.6,0.6,5,1,0.0072,0.0049,0.0056,0.0064,6.1036,0.6947,3.4734,1.0,0.7931,0.5797,0.1935,0.6982,0.6918,0.0064
itemknn,B,global_0.8,0.8,5,1,0.0063,0.0042,0.0049,0.0056,4.7951,0.7773,3.8864,1.0,0.6927,0.4955,0.2552,0.7787,0.7761,0.0027
itemknn,B,global_1.0,1.0,5,1,0.0011,0.0006,0.0008,0.0008,1.3958,0.8,4.0,1.0,0.002,0.0009,0.3589,0.8,0.8,0.0
itemknn,B,behavioral,p,5,1,0.0081,0.0055,0.0063,0.0081,8.6551,0.5505,2.7524,0.987,0.8422,0.6739,0.0698,0.6113,0.5,0.1113
itemknn,B,semantic,p,5,1,0.0075,0.005,0.0058,0.0068,6.2459,0.6873,3.4364,0.9998,0.7951,0.5859,0.1851,0.6865,0.6879,-0.0013
itemknn,B,hybrid_5,p,5,1,0.0081,0.0054,0.0063,0.0078,7.8653,0.5911,2.9556,0.9962,0.8366,0.6504,0.1033,0.635,0.5547,0.0803
itemknn,B,hybrid_10,p,5,1,0.0081,0.0055,0.0063,0.0076,7.4858,0.6132,3.0662,0.9986,0.833,0.6364,0.1213,0.6471,0.5851,0.062
itemknn,B,hybrid_20,p,5,1,0.0078,0.0053,0.0061,0.0074,7.0645,0.6366,3.1832,0.9998,0.823,0.6205,0.1424,0.6596,0.6176,0.0419
mf,none,none,none,5,1,0.014,0.0092,0.0107,0.0131,12.3694,0.2433,1.2166,0.7684,0.0199,0.0247,-0.0087,0.2447,0.2422,0.0026
mf,A,global_0.0,0.0,5,1,0.014,0.0092,0.0107,0.0131,12.3694,0.2433,1.2166,0.7684,0.0199,0.0247,-0.0087,0.2447,0.2422,0.0026
mf,A,global_0.2,0.2,5,1,0.0122,0.0079,0.0093,0.0113,7.7848,0.4779,2.3894,0.952,0.0395,0.0201,0.0496,0.4695,0.4848,-0.0153
mf,A,global_0.4,0.4,5,1,0.0112,0.0071,0.0085,0.0104,6.1615,0.5716,2.8578,0.9768,0.0331,0.0157,-0.0069,0.5608,0.5805,-0.0196
mf,A,global_0.6,0.6,5,1,0.01,0.0063,0.0076,0.0094,3.7551,0.7569,3.7846,0.9976,0.0359,0.0149,-0.0085,0.7526,0.7605,-0.0079
mf,A,global_0.8,0.8,5,1,0.0047,0.0029,0.0035,0.005,0.1935,1.0,5.0,1.0,0.0287,0.0095,0.1159,1.0,1.0,0.0
mf,A,global_1.0,1.0,5,1,0.0013,0.0008,0.0009,0.001,0.0195,1.0,5.0,1.0,0.0024,0.0008,0.9747,1.0,1.0,0.0
mf,A,behavioral,p,5,1,0.012,0.0077,0.0091,0.011,6.8107,0.5359,2.6794,0.9626,0.0411,0.0214,0.0076,0.5924,0.489,0.1034
mf,A,semantic,p,5,1,0.009,0.0058,0.0069,0.0087,3.34,0.7795,3.8976,0.996,0.0363,0.0162,0.0449,0.7612,0.7947,-0.0335
mf,A,hybrid_5,p,5,1,0.0113,0.0073,0.0086,0.0106,6.0562,0.5836,2.918,0.9776,0.0395,0.0191,-0.0106,0.6279,0.5469,0.081
mf,A,hybrid_10,p,5,1,0.011,0.007,0.0084,0.0103,5.6419,0.6135,3.0676,0.9828,0.0375,0.0175,-0.0116,0.6512,0.5823,0.0689
mf,A,hybrid_20,p,5,1,0.0107,0.0068,0.0081,0.0099,5.0693,0.6567,3.2834,0.9876,0.0371,0.0168,-0.0094,0.6823,0.6354,0.0469
mf,B,global_0.0,0.0,5,1,0.0147,0.0096,0.0113,0.0133,12.6465,0.2021,1.0104,0.6726,0.0116,0.0142,-0.0351,0.2056,0.1992,0.0064
mf,B,global_0.2,0.2,5,1,0.0134,0.0087,0.0102,0.0122,8.8007,0.405,2.0252,0.952,0.0319,0.0189,0.0265,0.4034,0.4064,-0.0029
mf,B,global_0.4,0.4,5,1,0.0127,0.0082,0.0097,0.0115,7.9083,0.4684,2.342,0.9768,0.0371,0.0199,0.0358,0.4634,0.4725,-0.0091
mf,B,global_0.6,0.6,5,1,0.0116,0.0075,0.0089,0.0107,6.7842,0.5494,2.747,0.9976,0.0347,0.0182,0.0756,0.5451,0.5529,-0.0078
mf,B,global_0.8,0.8,5,1,0.0104,0.0067,0.0079,0.0093,5.0948,0.6819,3.4096,1.0,0.0315,0.0161,0.1788,0.6807,0.6829,-0.0022
mf,B,global_1.0,1.0,5,1,0.0011,0.0006,0.0008,0.0008,1.3958,0.8,4.0,1.0,0.002,0.0009,0.3589,0.8,0.8,0.0
mf,B,behavioral,p,5,1,0.0133,0.0086,0.0101,0.0119,8.3713,0.4378,2.1888,0.9614,0.0379,0.0208,0.0319,0.4724,0.409,0.0634
mf,B,semantic,p,5,1,0.0118,0.0076,0.009,0.0108,6.6828,0.5607,2.8036,0.996,0.0379,0.0196,0.1082,0.5494,0.5701,-0.0206
mf,B,hybrid_5,p,5,1,0.0129,0.0084,0.0098,0.0117,7.9378,0.4662,2.3312,0.9776,0.0383,0.0204,0.0388,0.4879,0.4483,0.0396
mf,B,hybrid_10,p,5,1,0.0128,0.0083,0.0097,0.0115,7.7273,0.4817,2.4084,0.9828,0.0375,0.02,0.0451,0.4991,0.4673,0.0318
mf,B,hybrid_20,p,5,1,0.0126,0.0082,0.0096,0.0113,7.4655,0.5009,2.5044,0.9876,0.0375,0.0199,0.0581,0.5118,0.4918,0.0199
content,none,none,none,5,2,0.001,0.0007,0.0008,0.0008,12.933,0.3525,1.7626,0.7748,0.5181,0.5274,0.0077,0.4303,0.2881,0.1422
content,A,global_0.0,0.0,5,2,0.001,0.0007,0.0008,0.0008,12.933,0.3525,1.7626,0.7748,0.5181,0.5274,0.0077,0.4303,0.2881,0.1422
content,A,global_0.2,0.2,5,2,0.0009,0.0006,0.0007,0.0009,8.9986,0.4828,2.4142,0.8904,0.5907,0.5109,0.0417,0.5664,0.4136,0.1528
content,A,global_0.4,0.4,5,2,0.001,0.0007,0.0008,0.0009,4.7998,0.7016,3.508,0.9756,0.666,0.4443,0.0316,0.7722,0.6431,0.1291
content,A,global_0.6,0.6,5,2,0.0008,0.0005,0.0006,0.0008,1.5215,0.9446,4.7228,1.0,0.5883,0.2612,-0.0245,0.9619,0.9302,0.0317
content,A,global_0.8,0.8,5,2,0.0004,0.0003,0.0004,0.0005,0.1617,1.0,5.0,1.0,0.1594,0.0526,-0.0611,1.0,1.0,0.0
content,A,global_1.0,1.0,5,2,0.0007,0.0005,0.0006,0.0007,0.0195,1.0,5.0,1.0,0.0028,0.0009,0.9747,1.0,1.0,0.0
content,A,behavioral,p,5,2,0.0009,0.0006,0.0007,0.0009,7.0646,0.5952,2.9758,0.9136,0.6313,0.4992,0.034,0.7861,0.4369,0.3491
content,A,semantic,p,5,2,0.0007,0.0005,0.0006,0.0007,2.3083,0.8851,4.4254,0.9908,0.6166,0.347,-0.017,0.9121,0.8627,0.0494
content,A,hybrid_5,p,5,2,0.0008,0.0006,0.0007,0.0008,5.5649,0.6735,3.3676,0.9526,0.6489,0.4686,0.0263,0.8324,0.5418,0.2905
content,A,hybrid_10,p,5,2,0.0008,0.0006,0.0007,0.0008,4.7528,0.7226,3.613,0.9672,0.6572,0.4446,0.0258,0.8555,0.6124,0.2431
content,A,hybrid_20,p,5,2,0.0008,0.0006,0.0006,0.0007,3.8838,0.7784,3.8922,0.979,0.6532,0.418,0.0197,0.8775,0.6963,0.1812
content,B,global_0.0,0.0,5,2,0.001,0.0007,0.0008,0.0009,13.0713,0.3502,1.7512,0.7734,0.5169,0.5272,0.01,0.4277,0.286,0.1417
content,B,global_0.2,0.2,5,2,0.001,0.0007,0.0008,0.0009,10.4462,0.426,2.1298,0.8904,0.5668,0.5195,0.0558,0.5011,0.3636,0.1375
content,B,global_0.4,0.4,5,2,0.0011,0.0007,0.0008,0.0009,8.2386,0.5218,2.6092,0.9756,0.6162,0.5084,0.1054,0.5856,0.469,0.1166
content,B,global_0.6,0.6,5,2,0.001,0.0007,0.0008,0.001,6.4583,0.6422,3.2108,1.0,0.6485,0.4796,0.1988,0.688,0.6042,0.0838
content,B,global_0.8,0.8,5,2,0.0007,0.0005,0.0006,0.0007,4.7409,0.7723,3.8616,1.0,0.6102,0.4143,0.2967,0.7944,0.7541,0.0403
content,B,global_1.0,1.0,5,2,0.0007,0.0004,0.0005,0.0007,1.3997,0.8,4.0,1.0,0.0024,0.0011,0.359,0.8,0.8,0.0
content,B,behavioral,p,5,2,0.0011,0.0007,0.0008,0.001,9.4872,0.4728,2.3642,0.9138,0.5903,0.518,0.0935,0.5936,0.3728,0.2208
content,B,semantic,p,5,2,0.001,0.0007,0.0008,0.0008,6.8415,0.6252,3.126,0.9908,0.6401,0.487,0.1965,0.6677,0.59,0.0777
content,B,hybrid_5,p,5,2,0.001,0.0007,0.0008,0.0009,8.6036,0.5113,2.5564,0.9526,0.609,0.5121,0.0983,0.615,0.4253,0.1897
content,B,hybrid_10,p,5,2,0.001,0.0007,0.0008,0.0009,8.1717,0.5331,2.6654,0.9672,0.6178,0.5084,0.1165,0.6261,0.456,0.1702
content,B,hybrid_20,p,5,2,0.0011,0.0007,0.0008,0.0009,7.7509,0.56,2.7998,0.979,0.6261,0.5024,0.1378,0.6378,0.4955,0.1423
knn,none,none,none,5,2,0.0152,0.0098,0.0116,0.0168,15.134,0.277,1.3848,0.8026,0.6257,0.6224,-0.0962,0.274,0.2794,-0.0055
knn,A,global_0.0,0.0,5,2,0.0152,0.0098,0.0116,0.0168,15.134,0.277,1.3848,0.8026,0.6257,0.6224,-0.0962,0.274,0.2794,-0.0055
knn,A,global_0.2,0.2,5,2,0.0138,0.009,0.0106,0.015,7.5661,0.6038,3.0188,0.9752,0.7601,0.4964,-0.0737,0.5944,0.6115,-0.017
knn,A,global_0.4,0.4,5,2,0.0101,0.0067,0.0078,0.0106,2.967,0.8546,4.2728,0.999,0.6704,0.3445,0.0993,0.8453,0.8623,-0.017
knn,A,global_0.6,0.6,5,2,0.0048,0.0034,0.0039,0.0051,0.7061,0.9816,4.908,1.0,0.4213,0.1575,0.202,0.9793,0.9835,-0.0043
knn,A,global_0.8,0.8,5,2,0.0022,0.0014,0.0016,0.0024,0.0996,1.0,5.0,1.0,0.1523,0.0503,0.0029,1.0,1.0,0.0
knn,A,global_1.0,1.0,5,2,0.0007,0.0005,0.0006,0.0007,0.0195,1.0,5.0,1.0,0.0028,0.0009,0.9747,1.0,1.0,0.0
knn,A,behavioral,p,5,2,0.0117,0.0076,0.0089,0.0129,5.155,0.737,3.685,0.9866,0.7254,0.4371,0.0137,0.8613,0.634,0.2272
knn,A,semantic,p,5,2,0.0061,0.0042,0.0048,0.0064,1.3926,0.9423,4.7116,0.9996,0.5217,0.235,0.1529,0.9335,0.9496,-0.0161
knn,A,hybrid_5,p,5,2,0.0107,0.0071,0.0083,0.0115,3.4676,0.8262,4.1308,0.9966,0.6855,0.3717,0.0734,0.8966,0.7678,0.1287
knn,A,hybrid_10,p,5,2,0.0093,0.0062,0.0072,0.0101,2.7601,0.8665,4.3324,0.9978,0.6528,0.3339,0.1013,0.9101,0.8304,0.0797
knn,A,hybrid_20,p,5,2,0.008,0.0054,0.0062,0.009,2.1828,0.8994,4.4972,0.9996,0.6122,0.2979,0.1298,0.9185,0.8836,0.0349
knn,B,global_0.0,0.0,5,2,0.0166,0.0106,0.0126,0.018,15.9373,0.2468,1.234,0.7614,0.4472,0.4617,-0.0938,0.2419,0.2508,-0.0089
knn,B,global_0.2,0.2,5,2,0.0151,0.0098,0.0116,0.0161,9.8548,0.5052,2.526,0.9752,0.764,0.5267,-0.0739,0.5005,0.5091,-0.0085
knn,B,global_0.4,0.4,5,2,0.0145,0.0094,0.0111,0.0143,7.804,0.6037,3.0184,0.999,0.7373,0.4845,0.0802,0.5972,0.6091,-0.0119
knn,B,global_0.6,0.6,5,2,0.0132,0.0086,0.0101,0.0121,6.0892,0.7036,3.5182,1.0,0.6879,0.4222,0.2179,0.7002,0.7065,-0.0063
knn,B,global_0.8,0.8,5,2,0.0122,0.0079,0.0093,0.0109,4.6567,0.7908,3.9538,1.0,0.5157,0.3139,0.2466,0.7893,0.792,-0.0026
knn,B,global_1.0,1.0,5,2,0.0007,0.0004,0.0005,0.0007,1.3997,0.8,4.0,1.0,0.0024,0.0011,0.359,0.8,0.8,0.0
knn,B,behavioral,p,5,2,0.0146,0.0095,0.0112,0.0154,8.8155,0.5586,2.793,0.986,0.7505,0.5032,0.0035,0.612,0.5143,0.0977
knn,B,semantic,p,5,2,0.0139,0.009,0.0107,0.0129,6.4295,0.6844,3.422,0.9996,0.7007,0.4362,0.1817,0.6761,0.6913,-0.0152
knn,B,hybrid_5,p,5,2,0.0146,0.0094,0.0111,0.0148,8.0742,0.5934,2.9672,0.9966,0.7397,0.4871,0.0728,0.6285,0.5644,0.0641
knn,B,hybrid_10,p,5,2,0.0144,0.0093,0.011,0.0143,7.6537,0.6134,3.0672,0.9978,0.7338,0.4771,0.1043,0.6382,0.5929,0.0453
knn,B,hybrid_20,p,5,2,0.0143,0.0091,0.0108,0.0141,7.2312,0.6366,3.183,0.9996,0.723,0.4634,0.1299,0.6504,0.6252,0.0252
itemknn,none,none,none,5,2,0.0075,0.005,0.0059,0.0077,13.65,0.3248,1.6238,0.8604,0.7222,0.7283,-0.001,0.3251,0.3245,0.0006
itemknn,A,global_0.0,0.0,5,2,0.0075,0.005,0.0059,0.0077,13.65,0.3248,1.6238,0.8604,0.7222,0.7283,-0.001,0.3251,0.3245,0.0006
itemknn,A,global_0.2,0.2,5,2,0.0077,0.0052,0.006,0.0078,7.4341,0.587,2.9352,0.9756,0.8378,0.6379,-0.0521,0.5919,0.583,0.0089
itemknn,A,global_0.4,0.4,5,2,0.006,0.0038,0.0045,0.0059,3.3507,0.8206,4.103,0.9994,0.7597,0.4475,0.0392,0.8265,0.8157,0.0108
itemknn,A,global_0.6,0.6,5,2,0.0043,0.0026,0.0032,0.0043,1.2561,0.9484,4.7418,1.0,0.6246,0.2751,0.2261,0.9497,0.9473,0.0024
itemknn,A,global_0.8,0.8,5,2,0.0022,0.0012,0.0015,0.0022,0.1929,1.0,5.0,1.0,0.3069,0.1013,0.0322,1.0,1.0,0.0
itemknn,A,global_1.0,1.0,5,2,0.0007,0.0005,0.0006,0.0007,0.0195,1.0,5.0,1.0,0.0028,0.0009,0.9747,1.0,1.0,0.0
itemknn,A,behavioral,p,5,2,0.0069,0.0044,0.0052,0.0068,5.2583,0.7135,3.5674,0.9864,0.8035,0.5617,-0.0095,0.8411,0.6077,0.2334
itemknn,A,semantic,p,5,2,0.005,0.0032,0.0038,0.0052,1.8239,0.9118,4.5592,0.999,0.6596,0.3364,0.1288,0.9075,0.9154,-0.0079
itemknn,A,hybrid_5,p,5,2,0.0064,0.0041,0.0048,0.0064,3.8509,0.7927,3.9634,0.996,0.7728,0.4828,0.0407,0.8694,0.7291,0.1403
itemknn,A,hybrid_10,p,5,2,0.006,0.0038,0.0046,0.0062,3.1979,0.8296,4.1478,0.9976,0.7485,0.443,0.0762,0.8816,0.7864,0.0952
itemknn,A,hybrid_20,p,5,2,0.0056,0.0035,0.0042,0.0059,2.6717,0.862,4.31,0.9988,0.7222,0.4033,0.114,0.8908,0.8381,0.0527
itemknn,B,global_0.0,0.0,5,2,0.0081,0.0054,0.0062,0.0082,13.748,0.3166,1.5832,0.8494,0.6895,0.7039,-0.0021,0.3175,0.3159,0.0015
itemknn,B,global_0.2,0.2,5,2,0.0077,0.0051,0.0059,0.0079,9.8299,0.4732,2.3662,0.9756,0.8191,0.6918,0.0182,0.4762,0.4708,0.0054
itemknn,B,global_0.4,0.4,5,2,0.0074,0.0048,0.0057,0.0071,7.7419,0.5851,2.9254,0.9994,0.8163,0.6411,0.0887,0.5879,0.5827,0.0052
itemknn,B,global_0.6,0.6,5,2,0.007,0.0045,0.0054,0.0065,6.0747,0.6891,3.4456,1.0,0.788,0.5783,0.1946,0.6924,0.6864,0.006
itemknn,B,global_0.8,0.8,5,2,0.006,0.0037,0.0045,0.0053,4.7118,0.7764,3.8818,1.0,0.6831,0.4897,0.2608,0.777,0.7759,0.0011
itemknn,B,global_1.0,1.0,5,2,0.0007,0.0004,0.0005,0.0007,1.3997,0.8,4.0,1.0,0.0024,0.0011,0.359,0.8,0.8,0.0
itemknn,B,behavioral,p,5,2,0.0076,0.005,0.0058,0.0074,8.6801,0.5375,2.6874,0.9864,0.8206,0.668,0.0516,0.6049,0.4816,0.1234
itemknn,B,semantic,p,5,2,0.0075,0.0048,0.0057,0.007,6.4115,0.6689,3.3444,0.999,0.788,0.5933,0.1665,0.668,0.6696,-0.0017
itemknn,B,hybrid_5,p,5,2,0.0075,0.0049,0.0057,0.0072,7.9097,0.5764,2.8822,0.996,0.8171,0.6499,0.0836,0.6237,0.5372,0.0865
itemknn,B,hybrid_10,p,5,2,0.0073,0.0048,0.0056,0.0072,7.5604,0.5975,2.9876,0.9976,0.821,0.6414,0.105,0.6342,0.5671,0.0672
itemknn,B,hybrid_20,p,5,2,0.0075,0.0049,0.0057,0.0073,7.1972,0.6192,3.0958,0.9988,0.8194,0.6282,0.125,0.6432,0.5992,0.0441
mf,none,none,none,5,2,0.0131,0.0086,0.0101,0.0121,14.0976,0.2404,1.2018,0.7304,0.0211,0.0258,0.0103,0.2407,0.2401,0.0006
mf,A,global_0.0,0.0,5,2,0.0131,0.0086,0.0101,0.0121,14.0976,0.2404,1.2018,0.7304,0.0211,0.0258,0.0103,0.2407,0.2401,0.0006
mf,A,global_0.2,0.2,5,2,0.0117,0.0077,0.0091,0.0108,8.6183,0.4858,2.4288,0.9136,0.0355,0.018,-0.0003,0.4743,0.4952,-0.0209
mf,A,global_0.4,0.4,5,2,0.0099,0.0065,0.0077,0.0092,6.2235,0.6157,3.0786,0.9732,0.0363,0.0158,-0.0927,0.6026,0.6266,-0.0241
mf,A,global_0.6,0.6,5,2,0.0075,0.005,0.0058,0.0074,3.2571,0.8361,4.1804,1.0,0.0363,0.0138,-0.1243,0.8324,0.8391,-0.0067
mf,A,global_0.8,0.8,5,2,0.0039,0.0025,0.003,0.0039,0.159,1.0,5.0,1.0,0.0263,0.0087,0.0708,1.0,1.0,0.0
mf,A,global_1.0,1.0,5,2,0.0007,0.0005,0.0006,0.0007,0.0195,1.0,5.0,1.0,0.0028,0.0009,0.9747,1.0,1.0,0.0
mf,A,behavioral,p,5,2,0.0102,0.0068,0.0079,0.0095,7.2768,0.5637,2.8186,0.941,0.0418,0.0216,-0.0494,0.6383,0.5019,0.1364
mf,A,semantic,p,5,2,0.0082,0.0053,0.0063,0.0076,3.5245,0.8038,4.0188,0.9954,0.0395,0.0175,-0.0385,0.7866,0.818,-0.0314
mf,A,hybrid_5,p,5,2,0.0101,0.0067,0.0078,0.0093,6.3002,0.6199,3.0996,0.9658,0.0407,0.0189,-0.0845,0.6748,0.5745,0.1003
mf,A,hybrid_10,p,5,2,0.0097,0.0064,0.0075,0.009,5.7684,0.6558,3.279,0.9796,0.0415,0.018,-0.0984,0.6996,0.6195,0.08
mf,A,hybrid_20,p,5,2,0.0093,0.0062,0.0072,0.0087,5.1496,0.6983,3.4914,0.9884,0.0395,0.017,-0.0969,0.7266,0.6748,0.0517
mf,B,global_0.0,0.0,5,2,0.0134,0.0088,0.0103,0.0122,14.4466,0.2083,1.0416,0.6626,0.0104,0.0133,0.0127,0.2104,0.2066,0.0038
mf,B,global_0.2,0.2,5,2,0.0124,0.0082,0.0097,0.0113,9.9305,0.4033,2.0166,0.9136,0.0291,0.0175,-0.0001,0.4008,0.4054,-0.0046
mf,B,global_0.4,0.4,5,2,0.0119,0.0078,0.0092,0.0107,8.497,0.482,2.4098,0.9732,0.0327,0.0172,0.0153,0.4745,0.4881,-0.0137
mf,B,global_0.6,0.6,5,2,0.0108,0.007,0.0083,0.01,7.0291,0.5886,2.943,1.0,0.0331,0.0171,0.0422,0.5805,0.5953,-0.0148
mf,B,global_0.8,0.8,5,2,0.0093,0.0061,0.0072,0.0081,5.3178,0.7106,3.553,1.0,0.0327,0.0166,0.1835,0.7069,0.7137,-0.0068
mf,B,global_1.0,1.0,5,2,0.0007,0.0004,0.0005,0.0007,1.3997,0.8,4.0,1.0,0.0024,0.0011,0.359,0.8,0.8,0.0
mf,B,behavioral,p,5,2,0.0122,0.008,0.0094,0.0109,9.2223,0.4456,2.228,0.9406,0.0331,0.0187,0.0092,0.4894,0.4093,0.0801
mf,B,semantic,p,5,2,0.0112,0.0073,0.0086,0.0098,7.1914,0.5775,2.8876,0.9954,0.0367,0.0184,0.0784,0.5644,0.5884,-0.0239
mf,B,hybrid_5,p,5,2,0.0118,0.0078,0.0091,0.0106,8.6482,0.478,2.39,0.9658,0.0339,0.018,0.019,0.5078,0.4533,0.0544
mf,B,hybrid_10,p,5,2,0.0116,0.0077,0.009,0.0105,8.337,0.4963,2.4816,0.9796,0.0351,0.018,0.0246,0.5188,0.4777,0.0411
mf,B,hybrid_20,p,5,2,0.0113,0.0074,0.0087,0.0102,7.9741,0.5208,2.6038,0.9884,0.0359,0.0183,0.0238,0.5317,0.5117,0.02
content,none,none,none,5,3,0.001,0.0007,0.0008,0.001,13.0387,0.3461,1.7304,0.7718,0.5169,0.5261,0.0152,0.4189,0.2844,0.1345
content,A,global_0.0,0.0,5,3,0.001,0.0007,0.0008,0.001,13.0387,0.3461,1.7304,0.7718,0.5169,0.5261,0.0152,0.4189,0.2844,0.1345
content,A,global_0.2,0.2,5,3,0.0011,0.0007,0.0008,0.0011,9.035,0.4815,2.4076,0.8866,0.5923,0.5112,0.0364,0.5606,0.4146,0.1459
content,A,global_0.4,0.4,5,3,0.001,0.0006,0.0008,0.0009,4.9413,0.696,3.4802,0.976,0.6612,0.4464,0.0404,0.7664,0.6365,0.1299
content,A,global_0.6,0.6,5,3,0.001,0.0007,0.0008,0.0009,1.5192,0.9453,4.7264,0.9996,0.5899,0.2641,-0.0096,0.9614,0.9316,0.0298
content,A,global_0.8,0.8,5,3,0.0011,0.0007,0.0008,0.0008,0.1616,1.0,5.0,1.0,0.1566,0.0517,-0.0703,1.0,1.0,0.0
content,A,global_1.0,1.0,5,3,0.0012,0.0008,0.0009,0.0009,0.0195,1.0,5.0,1.0,0.0028,0.0009,0.9747,1.0,1.0,0.0
content,A,behavioral,p,5,3,0.001,0.0006,0.0007,0.0009,7.1254,0.5956,2.9778,0.913,0.6417,0.4983,0.0288,0.78,0.4394,0.3406
content,A,semantic,p,5,3,0.0009,0.0006,0.0007,0.0009,1.2068,0.9528,4.764,0.9978,0.55,0.2607,-0.0627,0.9634,0.9439,0.0195
content,A,hybrid_5,p,5,3,0.0008,0.0006,0.0007,0.0009,5.1133,0.699,3.4952,0.9562,0.6632,0.4614,0.0333,0.8524,0.5692,0.2832
content,A,hybrid_10,p,5,3,0.0008,0.0005,0.0006,0.0008,4.0574,0.7654,3.8268,0.9764,0.6552,0.4266,0.0246,0.89,0.6599,0.2301
content,A,hybrid_20,p,5,3,0.0007,0.0005,0.0006,0.0007,3.0311,0.8372,4.1862,0.9882,0.6465,0.3797,0.0044,0.9224,0.7651,0.1573
content,B,global_0.0,0.0,5,3,0.001,0.0006,0.0008,0.001,13.0722,0.3461,1.7306,0.7742,0.5201,0.5267,0.0113,0.4194,0.2841,0.1353
content,B,global_0.2,0.2,5,3,0.0011,0.0007,0.0008,0.0011,10.4556,0.4238,2.1192,0.8866,0.5656,0.5225,0.0484,0.4933,0.3651,0.1282
content,B,global_0.4,0.4,5,3,0.0011,0.0007,0.0009,0.0011,8.2609,0.5202,2.6008,0.976,0.6226,0.5078,0.1021,0.5819,0.4679,0.1141
content,B,global_0.6,0.6,5,3,0.0009,0.0006,0.0007,0.0009,6.5009,0.6397,3.1986,0.9996,0.6445,0.4758,0.1949,0.6838,0.6024,0.0813
content,B,global_0.8,0.8,5,3,0.0007,0.0005,0.0006,0.0006,4.7665,0.7728,3.8638,1.0,0.6046,0.4116,0.2986,0.7947,0.7542,0.0405
content,B,global_1.0,1.0,5,3,0.0011,0.0008,0.0009,0.0009,1.392,0.8,4.0,1.0,0.0024,0.0011,0.359,0.8,0.8,0.0
content,B,behavioral,p,5,3,0.0009,0.0006,0.0007,0.0009,9.5352,0.4729,2.3646,0.9132,0.5998,0.5218,0.0841,0.5918,0.3723,0.2195
content,B,semantic,p,5,3,0.0011,0.0007,0.0008,0.001,6.1068,0.6764,3.3822,0.9978,0.6465,0.4678,0.2324,0.7092,0.6487,0.0604
content,B,hybrid_5,p,5,3,0.001,0.0007,0.0008,0.001,8.4121,0.5222,2.611,0.9562,0.6158,0.5092,0.1118,0.6235,0.4365,0.187
content,B,hybrid_10,p,5,3,0.0011,0.0007,0.0009,0.001,7.8654,0.5527,2.7636,0.9764,0.6297,0.5053,0.1306,0.6421,0.477,0.1651
content,B,hybrid_20,p,5,3,0.001,0.0007,0.0008,0.001,7.296,0.588,2.9398,0.9882,0.6389,0.4946,0.1552,0.6633,0.5242,0.139
knn,none,none,none,5,3,0.0147,0.0097,0.0112,0.0152,15.3576,0.2735,1.3674,0.8032,0.6281,0.6351,-0.0875,0.2705,0.276,-0.0055
knn,A,global_0.0,0.0,5,3,0.0147,0.0097,0.0112,0.0152,15.3576,0.2735,1.3674,0.8032,0.6281,0.6351,-0.0875,0.2705,0.276,-0.0055
knn,A,global_0.2,0.2,5,3,0.0131,0.0087,0.01,0.0136,7.4838,0.6122,3.0612,0.9784,0.7617,0.5034,-0.0498,0.6054,0.618,-0.0126
knn,A,global_0.4,0.4,5,3,0.0088,0.006,0.0067,0.0096,2.7819,0.8608,4.3038,0.9986,0.6656,0.3457,0.0946,0.8532,0.8671,-0.0139
knn,A,global_0.6,0.6,5,3,0.0048,0.0032,0.0037,0.0048,0.638,0.9846,4.923,1.0,0.4129,0.1554,0.2151,0.9847,0.9845,0.0002
knn,A,global_0.8,0.8,5,3,0.0021,0.0014,0.0016,0.0022,0.0995,1.0,5.0,1.0,0.1491,0.0492,-0.0123,1.0,1.0,0.0
knn,A,global_1.0,1.0,5,3,0.0012,0.0008,0.0009,0.0009,0.0195,1.0,5.0,1.0,0.0028,0.0009,0.9747,1.0,1.0,0.0
knn,A,behavioral,p,5,3,0.0106,0.0072,0.0082,0.011,5.0545,0.7407,3.7034,0.9876,0.7182,0.4434,0.0293,0.8659,0.6347,0.2312
knn,A,semantic,p,5,3,0.0042,0.0028,0.0032,0.004,0.6301,0.9801,4.9004,1.0,0.3854,0.1549,0.1335,0.9751,0.9843,-0.0091
knn,A,hybrid_5,p,5,3,0.0091,0.0062,0.007,0.0095,2.9403,0.8541,4.2704,0.9978,0.6509,0.3495,0.1011,0.9195,0.7987,0.1209
knn,A,hybrid_10,p,5,3,0.0077,0.0054,0.006,0.0082,2.0453,0.9041,4.5204,0.9992,0.5967,0.295,0.1432,0.9407,0.8731,0.0675
knn,A,hybrid_20,p,5,3,0.0068,0.0048,0.0053,0.007,1.4069,0.9403,4.7016,0.9998,0.5281,0.2407,0.1783,0.9572,0.9261,0.0311
knn,B,global_0.0,0.0,5,3,0.0157,0.0102,0.0119,0.0165,16.0158,0.2449,1.2244,0.7538,0.4679,0.4729,-0.0912,0.2404,0.2487,-0.0083
knn,B,global_0.2,0.2,5,3,0.0142,0.0094,0.0108,0.0146,9.9503,0.5065,2.5324,0.9784,0.77,0.5362,-0.063,0.5048,0.5079,-0.0031
knn,B,global_0.4,0.4,5,3,0.0133,0.0088,0.0101,0.0133,7.8599,0.6045,3.0224,0.9986,0.7477,0.4949,0.096,0.6006,0.6078,-0.0071
knn,B,global_0.6,0.6,5,3,0.012,0.0078,0.0091,0.0109,6.1021,0.7049,3.5244,1.0,0.6863,0.4286,0.2282,0.7025,0.7069,-0.0043
knn,B,global_0.8,0.8,5,3,0.0104,0.0066,0.0078,0.0091,4.7089,0.7901,3.9504,1.0,0.5086,0.318,0.2491,0.7898,0.7903,-0.0005
knn,B,global_1.0,1.0,5,3,0.0011,0.0008,0.0009,0.0009,1.392,0.8,4.0,1.0,0.0024,0.0011,0.359,0.8,0.8,0.0
knn,B,behavioral,p,5,3,0.0136,0.009,0.0103,0.0136,8.8625,0.5578,2.7892,0.9866,0.7553,0.5145,0.0247,0.6147,0.5097,0.1049
knn,B,semantic,p,5,3,0.0111,0.0073,0.0084,0.01,5.7144,0.7269,3.6344,1.0,0.6429,0.4001,0.2257,0.7201,0.7326,-0.0126
knn,B,hybrid_5,p,5,3,0.0131,0.0086,0.0099,0.0129,7.8064,0.6102,3.0512,0.9978,0.7413,0.4896,0.0987,0.6465,0.5795,0.067
knn,B,hybrid_10,p,5,3,0.0129,0.0085,0.0098,0.0125,7.3002,0.6375,3.1876,0.9992,0.7294,0.4728,0.1334,0.6652,0.6141,0.0511
knn,B,hybrid_20,p,5,3,0.0128,0.0084,0.0097,0.012,6.8073,0.6644,3.3218,0.9998,0.7106,0.4564,0.1755,0.6812,0.6501,0.031
itemknn,none,none,none,5,3,0.0088,0.0056,0.0066,0.0083,13.7786,0.3137,1.5686,0.8506,0.7198,0.7266,-0.0012,0.3128,0.3145,-0.0016
itemknn,A,global_0.0,0.0,5,3,0.0088,0.0056,0.0066,0.0083,13.7786,0.3137,1.5686,0.8506,0.7198,0.7266,-0.0012,0.3128,0.3145,-0.0016
itemknn,A,global_0.2,0.2,5,3,0.0081,0.0052,0.0061,0.0076,7.7674,0.5703,2.8516,0.9698,0.839,0.628,-0.0432,0.5734,0.5677,0.0057
itemknn,A,global_0.4,0.4,5,3,0.0063,0.004,0.0047,0.006,3.4877,0.8086,4.043,0.9972,0.7529,0.4407,0.0533,0.8086,0.8086,-0.0001
itemknn,A,global_0.6,0.6,5,3,0.0047,0.0029,0.0035,0.0044,1.2654,0.9454,4.7268,1.0,0.6098,0.2679,0.2396,0.9441,0.9465,-0.0024
itemknn,A,global_0.8,0.8,5,3,0.0023,0.0015,0.0018,0.0024,0.1895,1.0,5.0,1.0,0.3033,0.1001,0.0202,1.0,1.0,0.0
itemknn,A,global_1.0,1.0,5,3,0.0012,0.0008,0.0009,0.0009,0.0195,1.0,5.0,1.0,0.0028,0.0009,0.9747,1.0,1.0,0.0
itemknn,A,behavioral,p,5,3,0.0073,0.0047,0.0055,0.0069,5.5584,0.6976,3.488,0.982,0.7931,0.5495,0.0327,0.8242,0.5905,0.2337
itemknn,A,semantic,p,5,3,0.0046,0.0028,0.0034,0.0042,1.137,0.9503,4.7514,0.9998,0.5699,0.2539,0.1568,0.9452,0.9546,-0.0094
itemknn,A,hybrid_5,p,5,3,0.0063,0.0041,0.0048,0.006,3.6727,0.803,4.015,0.9952,0.7505,0.4482,0.0756,0.8744,0.7425,0.1319
itemknn,A,hybrid_10,p,5,3,0.0061,0.004,0.0046,0.0057,2.8118,0.8518,4.2592,0.998,0.7142,0.3893,0.1208,0.8955,0.8149,0.0805
itemknn,A,hybrid_20,p,5,3,0.0059,0.0038,0.0044,0.0052,2.0991,0.8943,4.4716,0.9992,0.6748,0.338,0.1596,0.9159,0.8761,0.0398
itemknn,B,global_0.0,0.0,5,3,0.0098,0.0063,0.0074,0.0091,13.967,0.3072,1.5362,0.8406,0.7011,0.7054,0.0054,0.3077,0.3069,0.0008
itemknn,B,global_0.2,0.2,5,3,0.0089,0.0057,0.0067,0.0083,10.1234,0.4589,2.2944,0.9698,0.8198,0.6821,0.0171,0.4585,0.4592,-0.0008
itemknn,B,global_0.4,0.4,5,3,0.0084,0.0055,0.0064,0.0077,7.9458,0.5722,2.8608,0.9972,0.823,0.6314,0.0895,0.5757,0.5692,0.0065
itemknn,B,global_0.6,0.6,5,3,0.0075,0.005,0.0057,0.0069,6.1985,0.6823,3.4114,1.0,0.7808,0.5572,0.1886,0.6832,0.6815,0.0018
itemknn,B,global_0.8,0.8,5,3,0.0067,0.0044,0.0051,0.006,4.8364,0.7716,3.8582,1.0,0.6732,0.4678,0.2579,0.7717,0.7716,0.0002
itemknn,B,global_1.0,1.0,5,3,0.0011,0.0008,0.0009,0.0009,1.392,0.8,4.0,1.0,0.0024,0.0011,0.359,0.8,0.8,0.0
itemknn,B,behavioral,p,5,3,0.0084,0.0055,0.0064,0.0079,8.9364,0.5246,2.6232,0.9818,0.825,0.6551,0.0564,0.5889,0.4702,0.1187
itemknn,B,semantic,p,5,3,0.0073,0.0048,0.0056,0.0067,5.8608,0.7034,3.5172,0.9998,0.7553,0.5366,0.1997,0.6998,0.7065,-0.0067
itemknn,B,hybrid_5,p,5,3,0.0078,0.0051,0.006,0.0073,7.905,0.5788,2.894,0.9952,0.8191,0.6279,0.0962,0.6255,0.5393,0.0862
itemknn,B,hybrid_10,p,5,3,0.0079,0.0052,0.006,0.0072,7.4061,0.6063,3.0316,0.998,0.8111,0.6112,0.1253,0.642,0.5761,0.0658
itemknn,B,hybrid_20,p,5,3,0.0076,0.005,0.0058,0.0068,6.9189,0.6371,3.1856,0.9992,0.8067,0.5925,0.1558,0.6594,0.6182,0.0412
mf,none,none,none,5,3,0.0139,0.009,0.0105,0.0126,16.624,0.1858,0.9288,0.638,0.0191,0.0233,-0.0805,0.1917,0.1807,0.011
mf,A,global_0.0,0.0,5,3,0.0139,0.009,0.0105,0.0126,16.624,0.1858,0.9288,0.638,0.0191,0.0233,-0.0805,0.1917,0.1807,0.011
mf,A,global_0.2,0.2,5,3,0.0126,0.0084,0.0097,0.0113,10.655,0.434,2.1702,0.8268,0.0327,0.0171,-0.0455,0.4305,0.4371,-0.0066
mf,A,global_0.4,0.4,5,3,0.0108,0.0073,0.0084,0.0103,8.3097,0.5449,2.7246,0.9104,0.0331,0.0154,-0.0496,0.5387,0.5502,-0.0116
mf,A,global_0.6,0.6,5,3,0.0083,0.0056,0.0064,0.0083,3.9361,0.7735,3.8676,0.9988,0.0335,0.0146,-0.1182,0.7674,0.7787,-0.0114
mf,A,global_0.8,0.8,5,3,0.0043,0.003,0.0034,0.0049,0.1909,1.0,5.0,1.0,0.0291,0.0096,0.051,1.0,1.0,0.0
mf,A,global_1.0,1.0,5,3,0.0012,0.0008,0.0009,0.0009,0.0195,1.0,5.0,1.0,0.0028,0.0009,0.9747,1.0,1.0,0.0
mf,A,behavioral,p,5,3,0.0113,0.0075,0.0087,0.0105,9.2883,0.5005,2.5026,0.8734,0.0383,0.0196,-0.0542,0.5762,0.4365,0.1397
mf,A,semantic,p,5,3,0.0076,0.005,0.0058,0.0073,2.5979,0.854,4.2702,0.994,0.0367,0.0159,-0.0246,0.8385,0.8672,-0.0287
mf,A,hybrid_5,p,5,3,0.011,0.0074,0.0085,0.0103,7.8335,0.574,2.8702,0.9176,0.0367,0.017,-0.062,0.6368,0.5209,0.1159
mf,A,hybrid_10,p,5,3,0.0106,0.0071,0.0082,0.01,6.8459,0.6244,3.122,0.948,0.0351,0.0161,-0.0778,0.6811,0.5764,0.1046
mf,A,hybrid_20,p,5,3,0.0095,0.0065,0.0074,0.0088,5.5888,0.689,3.4448,0.9724,0.0343,0.0157,-0.0832,0.7278,0.6561,0.0718
mf,B,global_0.0,0.0,5,3,0.0139,0.0091,0.0106,0.0128,16.9465,0.1496,0.748,0.5542,0.0096,0.0137,-0.0569,0.1549,0.1451,0.0098
mf,B,global_0.2,0.2,5,3,0.0137,0.009,0.0105,0.0121,11.8997,0.3513,1.7564,0.8268,0.0295,0.0179,-0.0429,0.355,0.3482,0.0068
mf,B,global_0.4,0.4,5,3,0.0124,0.0082,0.0095,0.0112,10.4656,0.4324,2.162,0.9104,0.0319,0.0171,0.0228,0.4304,0.4341,-0.0038
mf,B,global_0.6,0.6,5,3,0.0117,0.0078,0.009,0.0108,8.1841,0.545,2.7248,0.9988,0.0323,0.0166,0.0621,0.5398,0.5493,-0.0095
mf,B,global_0.8,0.8,5,3,0.0099,0.0066,0.0076,0.0091,5.6388,0.6887,3.4436,1.0,0.0327,0.0161,0.1468,0.686,0.691,-0.005
mf,B,global_1.0,1.0,5,3,0.0011,0.0008,0.0009,0.0009,1.392,0.8,4.0,1.0,0.0024,0.0011,0.359,0.8,0.8,0.0
mf,B,behavioral,p,5,3,0.0131,0.0086,0.01,0.0116,11.1691,0.3924,1.962,0.872,0.0323,0.0183,-0.0042,0.4447,0.3482,0.0965
mf,B,semantic,p,5,3,0.0115,0.0076,0.0088,0.0102,7.4154,0.5885,2.9426,0.994,0.0363,0.018,0.1049,0.5779,0.5975,-0.0196
mf,B,hybrid_5,p,5,3,0.0128,0.0085,0.0098,0.0115,10.3315,0.4374,2.1868,0.9176,0.0339,0.0183,0.0238,0.4759,0.4047,0.0712
mf,B,hybrid_10,p,5,3,0.0126,0.0083,0.0097,0.0113,9.8155,0.466,2.3298,0.948,0.0343,0.0179,0.0378,0.4957,0.4408,0.055
mf,B,hybrid_20,p,5,3,0.0121,0.008,0.0093,0.0106,9.1303,0.5007,2.5036,0.9724,0.0351,0.0178,0.0538,0.5197,0.4846,0.0351
content,none,none,none,5,4,0.0011,0.0006,0.0008,0.001,12.8003,0.349,1.7452,0.7674,0.5305,0.5316,0.0139,0.4249,0.2854,0.1395
content,A,global_0.0,0.0,5,4,0.0011,0.0006,0.0008,0.001,12.8003,0.349,1.7452,0.7674,0.5305,0.5316,0.0139,0.4249,0.2854,0.1395
content,A,global_0.2,0.2,5,4,0.0009,0.0005,0.0007,0.001,8.8485,0.4839,2.4196,0.883,0.607,0.5154,0.0303,0.572,0.4101,0.1619
content,A,global_0.4,0.4,5,4,0.0014,0.0008,0.001,0.0012,4.8078,0.7004,3.502,0.9782,0.6732,0.4492,0.0348,0.7767,0.6365,0.1402
content,A,global_0.6,0.6,5,4,0.0009,0.0006,0.0007,0.0009,1.4979,0.9477,4.7384,0.9998,0.5986,0.2624,-0.0227,0.9662,0.9321,0.0341
content,A,global_0.8,0.8,5,4,0.0004,0.0002,0.0003,0.0003,0.1615,1.0,5.0,1.0,0.1602,0.0529,-0.0722,1.0,1.0,0.0
content,A,global_1.0,1.0,5,4,0.0011,0.0006,0.0008,0.0008,0.0195,1.0,5.0,1.0,0.0028,0.0009,0.9747,1.0,1.0,0.0
content,A,behavioral,p,5,4,0.0009,0.0005,0.0006,0.0008,7.0164,0.5954,2.977,0.9112,0.6393,0.4984,0.0307,0.7912,0.4313,0.36
content,A,semantic,p,5,4,0.001,0.0006,0.0008,0.001,2.6714,0.8616,4.3082,0.9916,0.6345,0.3717,-0.0064,0.896,0.8329,0.0631
content,A,hybrid_5,p,5,4,0.0009,0.0005,0.0006,0.0009,5.6158,0.666,3.3302,0.9496,0.6481,0.4725,0.0336,0.8292,0.5293,0.2999
content,A,hybrid_10,p,5,4,0.001,0.0006,0.0007,0.0009,4.8875,0.7102,3.5512,0.9654,0.6608,0.4543,0.0277,0.8473,0.5954,0.2519
content,A,hybrid_20,p,5,4,0.001,0.0006,0.0007,0.001,4.1476,0.7607,3.8036,0.977,0.6604,0.4296,0.0249,0.8668,0.6718,0.1949
content,B,global_0.0,0.0,5,4,0.001,0.0006,0.0007,0.0009,12.9987,0.3489,1.7446,0.773,0.5285,0.5305,0.0182,0.4261,0.2842,0.1419
content,B,global_0.2,0.2,5,4,0.0009,0.0005,0.0007,0.001,10.3773,0.4246,2.123,0.883,0.5743,0.5232,0.0509,0.4995,0.3618,0.1376
content,B,global_0.4,0.4,5,4,0.0008,0.0005,0.0006,0.0009,8.2113,0.5246,2.6228,0.9782,0.6234,0.5091,0.0991,0.5904,0.4694,0.1209
content,B,global_0.6,0.6,5,4,0.001,0.0006,0.0007,0.0009,6.4233,0.6431,3.2154,0.9998,0.6556,0.4801,0.1939,0.6907,0.6032,0.0875
content,B,global_0.8,0.8,5,4,0.0009,0.0006,0.0007,0.0008,4.7441,0.7728,3.864,1.0,0.613,0.4161,0.3004,0.7944,0.7547,0.0397
content,B,global_1.0,1.0,5,4,0.0009,0.0006,0.0007,0.0008,1.3881,0.8,4.0,1.0,0.0024,0.0011,0.359,0.8,0.8,0.0
content,B,behavioral,p,5,4,0.001,0.0006,0.0007,0.0009,9.4221,0.4749,2.3746,0.9118,0.607,0.5226,0.0832,0.5976,0.3721,0.2256
content,B,semantic,p,5,4,0.0011,0.0006,0.0008,0.001,6.9717,0.6125,3.0624,0.9916,0.6485,0.4947,0.1749,0.6616,0.5713,0.0903
content,B,hybrid_5,p,5,4,0.0008,0.0005,0.0006,0.0009,8.6353,0.5082,2.5408,0.9496,0.617,0.5146,0.0943,0.6152,0.4185,0.1967
content,B,hybrid_10,p,5,4,0.0008,0.0005,0.0006,0.0008,8.2357,0.5288,2.644,0.9654,0.625,0.5117,0.1071,0.6253,0.4479,0.1773
content,B,hybrid_20,p,5,4,0.0009,0.0005,0.0007,0.0009,7.8454,0.5516,2.7582,0.977,0.6325,0.5063,0.1287,0.6354,0.4815,0.1539
knn,none,none,none,5,4,0.0133,0.0088,0.0102,0.014,14.8852,0.2688,1.3442,0.7968,0.6162,0.6209,-0.0926,0.2656,0.2715,-0.0059
knn,A,global_0.0,0.0,5,4,0.0133,0.0088,0.0102,0.014,14.8852,0.2688,1.3442,0.7968,0.6162,0.6209,-0.0926,0.2656,0.2715,-0.0059
knn,A,global_0.2,0.2,5,4,0.0121,0.0081,0.0093,0.0127,7.3029,0.6082,3.0412,0.9804,0.7652,0.4975,-0.069,0.5961,0.6185,-0.0224
knn,A,global_0.4,0.4,5,4,0.0085,0.0058,0.0066,0.0091,2.8286,0.8567,4.2834,0.9992,0.6732,0.3478,0.0955,0.8498,0.8624,-0.0126
knn,A,global_0.6,0.6,5,4,0.0052,0.0035,0.004,0.0057,0.6651,0.9842,4.9208,1.0,0.4269,0.1563,0.2121,0.9832,0.9849,-0.0017
knn,A,global_0.8,0.8,5,4,0.0023,0.0017,0.0019,0.0028,0.098,1.0,5.0,1.0,0.1527,0.0504,0.001,1.0,1.0,0.0
knn,A,global_1.0,1.0,5,4,0.0011,0.0006,0.0008,0.0008,0.0195,1.0,5.0,1.0,0.0028,0.0009,0.9747,1.0,1.0,0.0
knn,A,behavioral,p,5,4,0.0098,0.0067,0.0076,0.0103,5.0279,0.7397,3.6986,0.9862,0.7146,0.432,0.0177,0.8663,0.6336,0.2327
knn,A,semantic,p,5,4,0.0058,0.004,0.0046,0.0063,1.545,0.931,4.6548,0.9984,0.5349,0.2526,0.1184,0.9209,0.9394,-0.0185
knn,A,hybrid_5,p,5,4,0.0085,0.006,0.0068,0.0091,3.5094,0.8184,4.092,0.9968,0.6827,0.3737,0.0763,0.8948,0.7543,0.1405
knn,A,hybrid_10,p,5,4,0.0078,0.0055,0.0062,0.0084,2.8639,0.8557,4.2786,0.9986,0.6556,0.343,0.1098,0.9045,0.8149,0.0896
knn,A,hybrid_20,p,5,4,0.0075,0.0052,0.0059,0.008,2.3094,0.8884,4.442,0.9988,0.6202,0.3097,0.1366,0.9132,0.8676,0.0455
knn,B,global_0.0,0.0,5,4,0.0144,0.0096,0.0111,0.0152,15.59,0.2416,1.208,0.752,0.448,0.4579,-0.1049,0.2371,0.2454,-0.0083
knn,B,global_0.2,0.2,5,4,0.0128,0.0086,0.0099,0.0133,9.6771,0.5046,2.523,0.9804,0.7577,0.5249,-0.075,0.4993,0.509,-0.0097
knn,B,global_0.4,0.4,5,4,0.0117,0.0079,0.0091,0.0117,7.7122,0.6004,3.002,0.9992,0.7485,0.4875,0.0853,0.5951,0.6049,-0.0098
knn,B,global_0.6,0.6,5,4,0.0106,0.0073,0.0083,0.0106,5.9871,0.7038,3.519,1.0,0.6983,0.428,0.2135,0.699,0.7078,-0.0088
knn,B,global_0.8,0.8,5,4,0.0099,0.0067,0.0077,0.0092,4.5714,0.7904,3.9518,1.0,0.5201,0.3201,0.2505,0.7888,0.7917,-0.0029
knn,B,global_1.0,1.0,5,4,0.0009,0.0006,0.0007,0.0008,1.3881,0.8,4.0,1.0,0.0024,0.0011,0.359,0.8,0.8,0.0
knn,B,behavioral,p,5,4,0.012,0.0081,0.0093,0.0122,8.6681,0.5556,2.7782,0.9864,0.7509,0.5055,0.0214,0.6082,0.5115,0.0967
knn,B,semantic,p,5,4,0.0114,0.0076,0.0088,0.011,6.5764,0.6683,3.3414,0.9984,0.7035,0.4443,0.1685,0.6603,0.675,-0.0147
knn,B,hybrid_5,p,5,4,0.0116,0.0079,0.0091,0.0117,7.9795,0.59,2.9498,0.9968,0.7485,0.4924,0.0646,0.6231,0.5622,0.0609
knn,B,hybrid_10,p,5,4,0.0116,0.0078,0.009,0.0115,7.6428,0.6076,3.038,0.9986,0.7405,0.4813,0.0946,0.6313,0.5877,0.0436
knn,B,hybrid_20,p,5,4,0.0115,0.0078,0.0089,0.0114,7.3166,0.6253,3.1266,0.9988,0.7326,0.4709,0.1223,0.6389,0.614,0.0249
itemknn,none,none,none,5,4,0.0079,0.0051,0.0059,0.0074,13.3268,0.324,1.6198,0.865,0.7346,0.7326,0.0139,0.322,0.3256,-0.0036
itemknn,A,global_0.0,0.0,5,4,0.0079,0.0051,0.0059,0.0074,13.3268,0.324,1.6198,0.865,0.7346,0.7326,0.0139,0.322,0.3256,-0.0036
itemknn,A,global_0.2,0.2,5,4,0.0072,0.0046,0.0054,0.0069,7.366,0.5796,2.8978,0.9756,0.8434,0.6339,-0.0371,0.5853,0.5748,0.0105
itemknn,A,global_0.4,0.4,5,4,0.0062,0.0039,0.0047,0.006,3.3506,0.8126,4.0632,0.9982,0.7708,0.45,0.0438,0.8197,0.8067,0.013
itemknn,A,global_0.6,0.6,5,4,0.004,0.0026,0.003,0.0038,1.1826,0.9503,4.7514,1.0,0.6265,0.2686,0.2194,0.9544,0.9468,0.0075
itemknn,A,global_0.8,0.8,5,4,0.0021,0.0013,0.0016,0.0022,0.2,1.0,5.0,1.0,0.3117,0.1029,0.025,1.0,1.0,0.0
itemknn,A,global_1.0,1.0,5,4,0.0011,0.0006,0.0008,0.0008,0.0195,1.0,5.0,1.0,0.0028,0.0009,0.9747,1.0,1.0,0.0
itemknn,A,behavioral,p,5,4,0.0062,0.004,0.0047,0.006,5.2109,0.7067,3.5336,0.983,0.8047,0.5561,0.0247,0.8349,0.5993,0.2356
itemknn,A,semantic,p,5,4,0.0045,0.0028,0.0034,0.0045,2.0783,0.8924,4.4622,0.9974,0.6875,0.3591,0.1384,0.8931,0.8919,0.0012
itemknn,A,hybrid_5,p,5,4,0.0058,0.0037,0.0044,0.0058,3.9299,0.7791,3.8954,0.994,0.7824,0.4882,0.039,0.8614,0.7101,0.1513
itemknn,A,hybrid_10,p,5,4,0.0057,0.0036,0.0043,0.0056,3.3431,0.8129,4.0646,0.9962,0.7609,0.4533,0.072,0.8714,0.7639,0.1075
itemknn,A,hybrid_20,p,5,4,0.0053,0.0033,0.004,0.0051,2.8264,0.8446,4.2232,0.9978,0.735,0.4145,0.1087,0.8796,0.8153,0.0644
itemknn,B,global_0.0,0.0,5,4,0.0091,0.0058,0.0068,0.0083,13.5629,0.3129,1.5644,0.8538,0.7106,0.7121,0.0121,0.3119,0.3137,-0.0017
itemknn,B,global_0.2,0.2,5,4,0.0075,0.0048,0.0057,0.0072,9.6783,0.472,2.3598,0.9756,0.8294,0.6882,0.0191,0.472,0.4719,0.0001
itemknn,B,global_0.4,0.4,5,4,0.0069,0.0045,0.0053,0.0067,7.6048,0.5801,2.9006,0.9982,0.8338,0.6368,0.0932,0.5846,0.5764,0.0082
itemknn,B,global_0.6,0.6,5,4,0.0064,0.0042,0.0049,0.0057,5.8754,0.6862,3.431,1.0,0.7884,0.5666,0.1823,0.6897,0.6832,0.0065
itemknn,B,global_0.8,0.8,5,4,0.0058,0.0037,0.0044,0.005,4.5552,0.7744,3.8722,1.0,0.6823,0.4791,0.2495,0.7768,0.7724,0.0044
itemknn,B,global_1.0,1.0,5,4,0.0009,0.0006,0.0007,0.0008,1.3881,0.8,4.0,1.0,0.0024,0.0011,0.359,0.8,0.8,0.0
itemknn,B,behavioral,p,5,4,0.0075,0.0048,0.0057,0.007,8.4973,0.5342,2.6708,0.9824,0.829,0.6609,0.0662,0.5998,0.4791,0.1207
itemknn,B,semantic,p,5,4,0.0066,0.0043,0.005,0.0061,6.4615,0.652,3.2602,0.9974,0.7987,0.5897,0.1501,0.6513,0.6526,-0.0013
itemknn,B,hybrid_5,p,5,4,0.0072,0.0046,0.0054,0.0067,7.8429,0.569,2.8448,0.994,0.8318,0.6421,0.0902,0.6139,0.5312,0.0827
itemknn,B,hybrid_10,p,5,4,0.0072,0.0046,0.0055,0.0067,7.5305,0.587,2.935,0.9962,0.8266,0.6308,0.1081,0.623,0.5568,0.0661
itemknn,B,hybrid_20,p,5,4,0.0068,0.0044,0.0052,0.0063,7.174,0.6071,3.0356,0.9978,0.8222,0.6196,0.1245,0.6318,0.5865,0.0453
mf,none,none,none,5,4,0.0141,0.0092,0.0108,0.0127,13.5044,0.2233,1.1164,0.7382,0.0191,0.0238,-0.1388,0.2323,0.2157,0.0165
mf,A,global_0.0,0.0,5,4,0.0141,0.0092,0.0108,0.0127,13.5044,0.2233,1.1164,0.7382,0.0191,0.0238,-0.1388,0.2323,0.2157,0.0165
mf,A,global_0.2,0.2,5,4,0.0121,0.0079,0.0093,0.0112,8.3612,0.4869,2.4346,0.9354,0.0359,0.0176,-0.1508,0.4806,0.4922,-0.0116
mf,A,global_0.4,0.4,5,4,0.0105,0.007,0.0081,0.0099,6.4775,0.6091,3.0454,0.9872,0.0343,0.0157,-0.1354,0.6012,0.6157,-0.0144
mf,A,global_0.6,0.6,5,4,0.0084,0.0054,0.0064,0.0079,3.6788,0.8012,4.006,1.0,0.0307,0.0125,-0.1361,0.7959,0.8057,-0.0098
mf,A,global_0.8,0.8,5,4,0.0034,0.0023,0.0027,0.0038,0.1565,1.0,5.0,1.0,0.0287,0.0095,-0.0478,1.0,1.0,0.0
mf,A,global_1.0,1.0,5,4,0.0011,0.0006,0.0008,0.0008,0.0195,1.0,5.0,1.0,0.0028,0.0009,0.9747,1.0,1.0,0.0
mf,A,behavioral,p,5,4,0.0111,0.0074,0.0086,0.0102,7.3588,0.5532,2.7662,0.9588,0.043,0.0204,-0.1426,0.6321,0.4871,0.145
mf,A,semantic,p,5,4,0.0091,0.006,0.007,0.0086,4.1547,0.7609,3.8046,0.9954,0.0383,0.0172,-0.1098,0.746,0.7735,-0.0275
mf,A,hybrid_5,p,5,4,0.0107,0.0071,0.0082,0.0099,6.5827,0.6041,3.0206,0.9778,0.0399,0.0182,-0.1439,0.6626,0.5551,0.1076
mf,A,hybrid_10,p,5,4,0.0104,0.0069,0.0081,0.0097,6.143,0.6348,3.1738,0.9836,0.0391,0.0176,-0.1446,0.679,0.5976,0.0814
mf,A,hybrid_20,p,5,4,0.0102,0.0067,0.0078,0.0096,5.6009,0.6709,3.3546,0.9904,0.0395,0.0178,-0.1336,0.6994,0.6471,0.0523
mf,B,global_0.0,0.0,5,4,0.0138,0.009,0.0106,0.0125,14.045,0.1801,0.9004,0.6292,0.0088,0.0128,-0.0944,0.1854,0.1757,0.0097
mf,B,global_0.2,0.2,5,4,0.0128,0.0084,0.0098,0.0118,9.5264,0.4061,2.0304,0.9354,0.0307,0.0176,-0.1194,0.4079,0.4046,0.0033
mf,B,global_0.4,0.4,5,4,0.0125,0.0081,0.0096,0.0113,8.4439,0.4812,2.4058,0.9872,0.0339,0.0171,-0.0425,0.4789,0.4831,-0.0042
mf,B,global_0.6,0.6,5,4,0.012,0.0078,0.0092,0.0104,7.0141,0.5801,2.9004,1.0,0.0335,0.0166,0.0094,0.5755,0.5839,-0.0084
mf,B,global_0.8,0.8,5,4,0.0102,0.0065,0.0077,0.0089,5.2515,0.701,3.5052,1.0,0.0303,0.0146,0.1114,0.6978,0.7037,-0.0059
mf,B,global_1.0,1.0,5,4,0.0009,0.0006,0.0007,0.0008,1.3881,0.8,4.0,1.0,0.0024,0.0011,0.359,0.8,0.8,0.0
mf,B,behavioral,p,5,4,0.0125,0.0081,0.0096,0.0112,8.9809,0.4448,2.224,0.9574,0.0343,0.0183,-0.0847,0.4938,0.4037,0.09
mf,B,semantic,p,5,4,0.0115,0.0074,0.0087,0.0105,7.3249,0.558,2.7902,0.9954,0.0379,0.0187,0.0095,0.5514,0.5636,-0.0122
mf,B,hybrid_5,p,5,4,0.0123,0.008,0.0094,0.0111,8.5456,0.4733,2.3664,0.9778,0.0335,0.0172,-0.0598,0.5082,0.444,0.0643
mf,B,hybrid_10,p,5,4,0.0122,0.008,0.0094,0.0111,8.3207,0.4893,2.4464,0.9836,0.0355,0.0179,-0.0446,0.5165,0.4665,0.05
mf,B,hybrid_20,p,5,4,0.0123,0.008,0.0094,0.0111,8.0406,0.5084,2.5418,0.9904,0.0367,0.0182,-0.0266,0.5256,0.4939,0.0317
content,none,none,none,5,5,0.0009,0.0006,0.0007,0.0009,13.0237,0.348,1.7398,0.772,0.5241,0.5274,0.0097,0.4199,0.2867,0.1332
content,A,global_0.0,0.0,5,5,0.0009,0.0006,0.0007,0.0009,13.0237,0.348,1.7398,0.772,0.5241,0.5274,0.0097,0.4199,0.2867,0.1332
content,A,global_0.2,0.2,5,5,0.0009,0.0006,0.0007,0.0009,8.9638,0.484,2.4198,0.8864,0.5982,0.5088,0.0292,0.563,0.4167,0.1463
content,A,global_0.4,0.4,5,5,0.001,0.0006,0.0007,0.0008,4.9011,0.6966,3.483,0.975,0.6648,0.4437,0.0321,0.7662,0.6373,0.1288
content,A,global_0.6,0.6,5,5,0.0007,0.0004,0.0005,0.0006,1.5169,0.9456,4.7282,0.9998,0.5811,0.2588,-0.0351,0.9623,0.9315,0.0308
content,A,global_0.8,0.8,5,5,0.0006,0.0004,0.0005,0.0006,0.1605,1.0,5.0,1.0,0.1606,0.053,-0.0775,1.0,1.0,0.0
content,A,global_1.0,1.0,5,5,0.0015,0.001,0.0011,0.0013,0.0195,1.0,5.0,1.0,0.0028,0.0009,0.9747,1.0,1.0,0.0
content,A,behavioral,p,5,5,0.0009,0.0005,0.0006,0.0007,7.0759,0.598,2.99,0.9128,0.6417,0.4946,0.0234,0.7832,0.4402,0.343
content,A,semantic,p,5,5,0.0008,0.0005,0.0006,0.0008,2.5636,0.8702,4.351,0.989,0.625,0.3611,-0.0232,0.898,0.8465,0.0515
content,A,hybrid_5,p,5,5,0.0009,0.0006,0.0007,0.0007,5.6409,0.6699,3.3494,0.9488,0.6596,0.4692,0.0293,0.8228,0.5396,0.2832
content,A,hybrid_10,p,5,5,0.0008,0.0005,0.0006,0.0006,4.8581,0.7149,3.5746,0.9634,0.6668,0.4491,0.0271,0.8443,0.6047,0.2397
content,A,hybrid_20,p,5,5,0.0008,0.0005,0.0006,0.0007,4.0809,0.7674,3.8372,0.974,0.6584,0.4213,0.0115,0.8665,0.683,0.1835
content,B,global_0.0,0.0,5,5,0.0009,0.0006,0.0007,0.0008,13.0931,0.347,1.7352,0.7694,0.5217,0.5251,0.0044,0.4186,0.2861,0.1325
content,B,global_0.2,0.2,5,5,0.0009,0.0006,0.0007,0.0009,10.4202,0.4245,2.1224,0.8864,0.5668,0.5179,0.0466,0.4918,0.3671,0.1247
content,B,global_0.4,0.4,5,5,0.0009,0.0006,0.0007,0.0008,8.2578,0.521,2.6048,0.975,0.6174,0.5029,0.0946,0.5805,0.4702,0.1103
content,B,global_0.6,0.6,5,5,0.0009,0.0006,0.0007,0.0008,6.4781,0.6388,3.1938,0.9998,0.6469,0.4739,0.2015,0.6821,0.6019,0.0802
content,B,global_0.8,0.8,5,5,0.0009,0.0006,0.0007,0.0009,4.7356,0.7713,3.8566,1.0,0.6018,0.4126,0.3001,0.7917,0.754,0.0377
content,B,global_1.0,1.0,5,5,0.0012,0.0008,0.0009,0.001,1.4035,0.8,4.0,1.0,0.0024,0.0011,0.359,0.8,0.8,0.0
content,B,behavioral,p,5,5,0.0009,0.0006,0.0007,0.0008,9.5277,0.4739,2.3694,0.9126,0.5974,0.5159,0.0875,0.5898,0.3751,0.2147
content,B,semantic,p,5,5,0.001,0.0006,0.0008,0.0009,6.9441,0.616,3.0802,0.989,0.6425,0.4875,0.1777,0.6584,0.5799,0.0785
content,B,hybrid_5,p,5,5,0.0009,0.0006,0.0007,0.0008,8.7088,0.5074,2.5368,0.9488,0.6098,0.5064,0.1073,0.6066,0.4228,0.1838
content,B,hybrid_10,p,5,5,0.0008,0.0006,0.0006,0.0007,8.2996,0.5292,2.646,0.9634,0.6202,0.5038,0.1155,0.617,0.4544,0.1627
content,B,hybrid_20,p,5,5,0.0009,0.0006,0.0007,0.0008,7.8636,0.5537,2.7686,0.974,0.6269,0.4968,0.1333,0.6294,0.4893,0.1401
knn,none,none,none,5,5,0.0136,0.009,0.0105,0.0139,15.0368,0.278,1.39,0.8112,0.6222,0.6211,-0.0818,0.2755,0.2801,-0.0047
knn,A,global_0.0,0.0,5,5,0.0136,0.009,0.0105,0.0139,15.0368,0.278,1.39,0.8112,0.6222,0.6211,-0.0818,0.2755,0.2801,-0.0047
knn,A,global_0.2,0.2,5,5,0.0125,0.0082,0.0096,0.0127,7.2966,0.607,3.035,0.9762,0.7441,0.4901,-0.0504,0.5941,0.618,-0.0239
knn,A,global_0.4,0.4,5,5,0.009,0.006,0.007,0.0091,2.7616,0.8615,4.3074,0.9994,0.662,0.3409,0.0942,0.8539,0.8679,-0.014
knn,A,global_0.6,0.6,5,5,0.0042,0.003,0.0033,0.004,0.6397,0.9845,4.9226,1.0,0.4053,0.1482,0.2101,0.9846,0.9844,0.0002
knn,A,global_0.8,0.8,5,5,0.0026,0.0018,0.002,0.0025,0.0995,1.0,5.0,1.0,0.1527,0.0504,-0.0119,1.0,1.0,0.0
knn,A,global_1.0,1.0,5,5,0.0015,0.001,0.0011,0.0013,0.0195,1.0,5.0,1.0,0.0028,0.0009,0.9747,1.0,1.0,0.0
knn,A,behavioral,p,5,5,0.0104,0.007,0.0081,0.0109,4.925,0.742,3.71,0.9864,0.7102,0.4316,0.0317,0.8696,0.6333,0.2362
knn,A,semantic,p,5,5,0.0058,0.0038,0.0044,0.0054,1.4251,0.9368,4.684,0.9988,0.5074,0.2364,0.1377,0.9297,0.9429,-0.0132
knn,A,hybrid_5,p,5,5,0.0091,0.0061,0.007,0.0093,3.3835,0.8258,4.129,0.996,0.6708,0.3651,0.0701,0.9044,0.7588,0.1456
knn,A,hybrid_10,p,5,5,0.0081,0.0055,0.0063,0.0082,2.7184,0.8651,4.3254,0.9988,0.6369,0.3284,0.1043,0.9143,0.8231,0.0912
knn,A,hybrid_20,p,5,5,0.0075,0.005,0.0058,0.0075,2.1646,0.8972,4.486,0.9994,0.5963,0.2913,0.1386,0.9226,0.8756,0.0471
knn,B,global_0.0,0.0,5,5,0.0145,0.0095,0.0111,0.0149,15.6671,0.25,1.2502,0.7674,0.448,0.4597,-0.0861,0.2504,0.2497,0.0007
knn,B,global_0.2,0.2,5,5,0.0134,0.0088,0.0103,0.0136,9.7394,0.5018,2.509,0.9762,0.7417,0.5229,-0.0509,0.4959,0.5068,-0.0109
knn,B,global_0.4,0.4,5,5,0.0129,0.0084,0.0099,0.0123,7.6844,0.6002,3.001,0.9994,0.7314,0.4838,0.0952,0.5935,0.6059,-0.0124
knn,B,global_0.6,0.6,5,5,0.0115,0.0075,0.0088,0.01,5.943,0.706,3.53,1.0,0.6807,0.4218,0.2215,0.7009,0.7104,-0.0095
knn,B,global_0.8,0.8,5,5,0.01,0.0065,0.0076,0.0087,4.5521,0.7913,3.9566,1.0,0.5078,0.315,0.2413,0.7914,0.7913,0.0001
knn,B,global_1.0,1.0,5,5,0.0012,0.0008,0.0009,0.001,1.4035,0.8,4.0,1.0,0.0024,0.0011,0.359,0.8,0.8,0.0
knn,B,behavioral,p,5,5,0.0132,0.0086,0.0101,0.0131,8.6257,0.556,2.7802,0.9844,0.7397,0.5026,0.0251,0.609,0.5109,0.0982
knn,B,semantic,p,5,5,0.0119,0.0078,0.0091,0.0106,6.4212,0.6764,3.382,0.9988,0.6831,0.4355,0.1824,0.6685,0.6831,-0.0146
knn,B,hybrid_5,p,5,5,0.0129,0.0085,0.0099,0.0124,7.881,0.5898,2.949,0.996,0.7346,0.4892,0.0737,0.6238,0.5608,0.063
knn,B,hybrid_10,p,5,5,0.0129,0.0084,0.0099,0.0121,7.5333,0.6088,3.044,0.9988,0.7314,0.4803,0.1064,0.6327,0.5884,0.0443
knn,B,hybrid_20,p,5,5,0.0128,0.0083,0.0098,0.0118,7.1782,0.6296,3.148,0.9994,0.721,0.4701,0.1359,0.6445,0.6169,0.0276
itemknn,none,none,none,5,5,0.008,0.0054,0.0062,0.0077,13.5991,0.311,1.5552,0.8458,0.7138,0.7212,-0.0026,0.3111,0.311,0.0002
itemknn,A,global_0.0,0.0,5,5,0.008,0.0054,0.0062,0.0077,13.5991,0.311,1.5552,0.8458,0.7138,0.7212,-0.0026,0.3111,0.311,0.0002
itemknn,A,global_0.2,0.2,5,5,0.007,0.0049,0.0056,0.0068,7.6597,0.5667,2.8336,0.9666,0.837,0.6233,-0.0322,0.573,0.5614,0.0115
itemknn,A,global_0.4,0.4,5,5,0.0058,0.0038,0.0045,0.0059,3.5145,0.8054,4.0272,0.9976,0.7489,0.4364,0.0382,0.8091,0.8023,0.0068
itemknn,A,global_0.6,0.6,5,5,0.0045,0.003,0.0035,0.0047,1.1872,0.9475,4.7376,1.0,0.6002,0.2643,0.2207,0.9496,0.9458,0.0038
itemknn,A,global_0.8,0.8,5,5,0.0024,0.0017,0.0019,0.0026,0.1963,1.0,5.0,1.0,0.3041,0.1004,0.0187,1.0,1.0,0.0
itemknn,A,global_1.0,1.0,5,5,0.0015,0.001,0.0011,0.0013,0.0195,1.0,5.0,1.0,0.0028,0.0009,0.9747,1.0,1.0,0.0
itemknn,A,behavioral,p,5,5,0.0067,0.0046,0.0053,0.0065,5.471,0.6962,3.4808,0.9794,0.7927,0.5457,0.0144,0.8212,0.5896,0.2316
itemknn,A,semantic,p,5,5,0.0052,0.0034,0.004,0.0052,2.0959,0.8915,4.4574,0.9972,0.6485,0.3449,0.1353,0.8894,0.8933,-0.0039
itemknn,A,hybrid_5,p,5,5,0.0058,0.0039,0.0045,0.0058,4.0951,0.7725,3.8624,0.992,0.764,0.4776,0.0408,0.85,0.7064,0.1436
itemknn,A,hybrid_10,p,5,5,0.0055,0.0036,0.0042,0.0055,3.439,0.8095,4.0476,0.9946,0.7369,0.4362,0.0661,0.8626,0.7643,0.0983
itemknn,A,hybrid_20,p,5,5,0.0053,0.0035,0.0041,0.0053,2.9242,0.8406,4.203,0.9958,0.7094,0.4018,0.1089,0.8732,0.8128,0.0604
itemknn,B,global_0.0,0.0,5,5,0.0082,0.0054,0.0062,0.008,13.7875,0.3036,1.518,0.8354,0.6967,0.7046,0.0063,0.3042,0.3031,0.0011
itemknn,B,global_0.2,0.2,5,5,0.0074,0.0051,0.0058,0.0072,9.9653,0.4594,2.2972,0.9666,0.8202,0.6782,0.0167,0.4622,0.4571,0.0051
itemknn,B,global_0.4,0.4,5,5,0.0072,0.005,0.0057,0.0071,7.8884,0.5704,2.852,0.9976,0.8198,0.6249,0.0994,0.5735,0.5678,0.0057
itemknn,B,global_0.6,0.6,5,5,0.0066,0.0044,0.0051,0.0064,6.0868,0.6809,3.4046,1.0,0.7716,0.5511,0.1859,0.6835,0.6787,0.0047
itemknn,B,global_0.8,0.8,5,5,0.0062,0.0042,0.0048,0.0056,4.673,0.7729,3.8646,1.0,0.6688,0.4668,0.2452,0.774,0.772,0.002
itemknn,B,global_1.0,1.0,5,5,0.0012,0.0008,0.0009,0.001,1.4035,0.8,4.0,1.0,0.0024,0.0011,0.359,0.8,0.8,0.0
itemknn,B,behavioral,p,5,5,0.0074,0.0052,0.0059,0.0072,8.7988,0.5226,2.6132,0.9788,0.8159,0.6496,0.0666,0.5873,0.4676,0.1197
itemknn,B,semantic,p,5,5,0.0065,0.0045,0.0051,0.0064,6.592,0.6506,3.2528,0.9972,0.7796,0.5704,0.1624,0.649,0.6519,-0.003
itemknn,B,hybrid_5,p,5,5,0.0074,0.0052,0.0058,0.0071,8.1165,0.56,2.8002,0.992,0.8198,0.6303,0.0946,0.6059,0.521,0.085
itemknn,B,hybrid_10,p,5,5,0.0068,0.0048,0.0054,0.0067,7.7512,0.5798,2.899,0.9946,0.8143,0.6176,0.1085,0.6157,0.5492,0.0666
itemknn,B,hybrid_20,p,5,5,0.0066,0.0046,0.0052,0.0065,7.3846,0.6022,3.011,0.9958,0.8063,0.6053,0.1309,0.6272,0.5809,0.0463
mf,none,none,none,5,5,0.0113,0.0072,0.0085,0.01,14.3972,0.2258,1.1292,0.7222,0.0199,0.0239,-0.0817,0.2304,0.2219,0.0085
mf,A,global_0.0,0.0,5,5,0.0113,0.0072,0.0085,0.01,14.3972,0.2258,1.1292,0.7222,0.0199,0.0239,-0.0817,0.2304,0.2219,0.0085
mf,A,global_0.2,0.2,5,5,0.0108,0.0069,0.0082,0.0092,9.4431,0.4514,2.2572,0.8656,0.0355,0.0183,-0.0553,0.4458,0.4562,-0.0104
mf,A,global_0.4,0.4,5,5,0.0099,0.0062,0.0074,0.0084,7.0581,0.5728,2.864,0.9414,0.0359,0.0166,-0.0864,0.5677,0.5772,-0.0095
mf,A,global_0.6,0.6,5,5,0.0085,0.0054,0.0064,0.0077,4.0477,0.7829,3.9144,0.9988,0.0339,0.0141,-0.147,0.779,0.7862,-0.0073
mf,A,global_0.8,0.8,5,5,0.0042,0.0028,0.0033,0.0043,0.1651,1.0,5.0,1.0,0.0271,0.0089,-0.0554,1.0,1.0,0.0
mf,A,global_1.0,1.0,5,5,0.0015,0.001,0.0011,0.0013,0.0195,1.0,5.0,1.0,0.0028,0.0009,0.9747,1.0,1.0,0.0
mf,A,behavioral,p,5,5,0.0107,0.0066,0.008,0.0089,8.116,0.5231,2.6154,0.9012,0.0407,0.0205,-0.0798,0.6036,0.4545,0.149
mf,A,semantic,p,5,5,0.0084,0.0053,0.0063,0.0075,4.2648,0.7543,3.7714,0.9824,0.0395,0.0176,-0.0964,0.7448,0.7624,-0.0176
mf,A,hybrid_5,p,5,5,0.0099,0.0062,0.0074,0.0085,7.2263,0.5711,2.8554,0.9294,0.0395,0.0186,-0.0954,0.6355,0.5162,0.1193
mf,A,hybrid_10,p,5,5,0.0093,0.0059,0.007,0.008,6.6387,0.6062,3.0312,0.9504,0.0407,0.0184,-0.1054,0.6574,0.5627,0.0947
mf,A,hybrid_20,p,5,5,0.0094,0.0058,0.007,0.0081,5.9918,0.6479,3.2396,0.9662,0.0395,0.018,-0.1121,0.6829,0.6181,0.0647
mf,B,global_0.0,0.0,5,5,0.0117,0.0074,0.0088,0.0103,14.6096,0.1848,0.924,0.6392,0.0116,0.0146,-0.0634,0.1897,0.1806,0.0091
mf,B,global_0.2,0.2,5,5,0.0116,0.0073,0.0087,0.0098,10.4763,0.3774,1.8868,0.8656,0.0287,0.018,-0.0776,0.3761,0.3784,-0.0024
mf,B,global_0.4,0.4,5,5,0.0112,0.007,0.0084,0.0094,9.2052,0.451,2.255,0.9414,0.0331,0.018,0.0024,0.4457,0.4555,-0.0097
mf,B,global_0.6,0.6,5,5,0.0109,0.0069,0.0082,0.0092,7.5312,0.56,2.8,0.9988,0.0339,0.0176,0.0432,0.5543,0.5648,-0.0105
mf,B,global_0.8,0.8,5,5,0.0094,0.006,0.0071,0.008,5.4879,0.6954,3.4772,1.0,0.0343,0.0172,0.115,0.696,0.695,0.001
mf,B,global_1.0,1.0,5,5,0.0012,0.0008,0.0009,0.001,1.4035,0.8,4.0,1.0,0.0024,0.0011,0.359,0.8,0.8,0.0
mf,B,behavioral,p,5,5,0.0115,0.0072,0.0086,0.0096,9.8922,0.4157,2.0784,0.8998,0.0343,0.0197,-0.0205,0.4621,0.3761,0.0859
mf,B,semantic,p,5,5,0.0112,0.007,0.0084,0.0093,7.7965,0.5428,2.714,0.9824,0.0379,0.0196,0.0507,0.537,0.5477,-0.0107
mf,B,hybrid_5,p,5,5,0.0115,0.0072,0.0086,0.0096,9.3348,0.4442,2.2208,0.9294,0.0351,0.0192,-0.0072,0.48,0.4136,0.0664
mf,B,hybrid_10,p,5,5,0.0115,0.0071,0.0085,0.0093,9.036,0.4634,2.3168,0.9504,0.0347,0.0187,0.003,0.4907,0.4401,0.0506
mf,B,hybrid_20,p,5,5,0.0112,0.007,0.0084,0.0093,8.6685,0.486,2.4302,0.9662,0.0351,0.0188,0.0121,0.5034,0.4713,0.0321
